meticulous,дотошный
reluctant,неохотный
coherent,последовательный
compelling,убедительный
subtle,тонкий
inevitable,неизбежный
ambiguous,двусмысленный
comprehensive,исчерпывающий
feasible,осуществимый
substantial,значительный
contemplate,размышлять
acknowledge,признавать
convey,передавать
allocate,распределять
withdraw,отказываться
anticipate,предвидеть
enhance,улучшать
justify,оправдывать
distinguish,различать
undertake,предпринимать
constraint,ограничение
discrepancy,несоответствие
incentive,стимул
controversy,спор
implication,последствие
prejudice,предубеждение
perception,восприятие
assumption,предположение
commitment,обязательство
endeavor,усилие
resilient,стойкий
skeptical,скептически настроенный
vulnerable,уязвимый
mutual,взаимный
plausible,правдоподобный
conventional,традиционный
intricate,запутанный
obsolete,устаревший
persistent,настойчивый
versatile,универсальный
assert,утверждать
elaborate,подробно объяснять
exaggerate,преувеличивать
facilitate,облегчать
hinder,препятствовать
interpret,толковать
negotiate,вести переговоры
overcome,преодолевать
reinforce,укреплять
sustain,поддерживать